{
  "version": 1,
  "author": "Uri Shaked",
  "editor": "wokwi",
  "parts": [
    { "type": "board-esp32-devkit-c-v4", "id": "esp", "top": 19.2, "left": 4.84, "attrs": {} },
    {
      "type": "wokwi-dht22",
      "id": "dht1",
      "top": -124.5,
      "left": 23.4,
      "attrs": { "temperature": "60.2", "humidity": "18" }
    },
    { "type": "wokwi-photoresistor-sensor", "id": "ldr1", "top": 32, "left": -306.4, "attrs": {} },
    {
      "type": "wokwi-pushbutton",
      "id": "btn2",
      "top": -13,
      "left": 259.2,
      "attrs": { "color": "green" }
    },
    {
      "type": "wokwi-resistor",
      "id": "r1",
      "top": 51.95,
      "left": -105.6,
      "attrs": { "value": "10000" }
    },
    { "type": "wokwi-relay-module", "id": "relay1", "top": 173, "left": 192, "attrs": {} },
    {
      "type": "wokwi-led",
      "id": "led1",
      "top": 248.4,
      "left": 409.8,
      "rotate": 90,
      "attrs": { "color": "red" }
    },
    {
      "type": "wokwi-resistor",
      "id": "r2",
      "top": 263.15,
      "left": 326.4,
      "attrs": { "value": "220" }
    },
    {
      "type": "wokwi-pushbutton",
      "id": "btn1",
      "top": -61,
      "left": 259.2,
      "attrs": { "color": "green" }
    }
  ],
  "connections": [
    [ "esp:TX", "$serialMonitor:RX", "", [] ],
    [ "esp:RX", "$serialMonitor:TX", "", [] ],
    [ "ldr1:VCC", "esp:3V3", "red", [ "h0" ] ],
    [ "ldr1:GND", "r1:1", "black", [ "h0" ] ],
    [ "r1:2", "esp:34", "black", [ "v0" ] ],
    [ "dht1:SDA", "esp:4", "gold", [ "v9.6", "h76.9", "v153.6" ] ],
    [ "dht1:VCC", "esp:3V3", "red", [ "v9.6", "h-28.8" ] ],
    [ "dht1:GND", "esp:GND.1", "black", [ "v19.2", "h-76.8", "v163.2" ] ],
    [ "relay1:IN", "esp:5", "green", [ "h-9.6", "v-77" ] ],
    [ "relay1:GND", "esp:GND.3", "black", [ "h-57.6", "v-96.4" ] ],
    [ "led1:A", "relay1:NO", "black", [ "h-105.6", "v9.6" ] ],
    [ "r2:1", "relay1:GND", "red", [ "v0" ] ],
    [ "relay1:COM", "esp:3V3", "green", [ "h-18", "v75.4", "h-345.6", "v-259.2" ] ],
    [ "relay1:VCC", "esp:5V", "red", [ "h-28.8", "v57.6", "h-172.8" ] ],
    [ "btn1:1.l", "esp:GND.2", "black", [ "h-115.2", "v96" ] ],
    [ "btn2:1.l", "esp:GND.2", "black", [ "h-115.2", "v48" ] ],
    [ "btn1:2.l", "esp:15", "green", [ "h-76.8", "v0.2", "h-28.8", "v201.6" ] ],
    [ "btn2:2.l", "esp:2", "green", [ "h-96", "v153.8" ] ],
    [ "led1:C", "r2:2", "red", [ "h0" ] ]
  ],
  "dependencies": {}
}